{
  "feature_count": 165,
  "targets": {
    "weight": {
      "val": {
        "mae": 0.028366798642533865,
        "rmse": 0.0342177195450002,
        "r2": -0.3438324678873541
      },
      "test": {
        "mae": 0.025683402173913,
        "rmse": 0.033241829536257025,
        "r2": 0.5286214645417628
      },
      "model_path": "D:\\13359376\\models\\weight_regression.joblib"
    },
    "length": {
      "val": {
        "mae": 0.8817355203619907,
        "rmse": 1.1151890742359558,
        "r2": 0.11766343907448928
      },
      "test": {
        "mae": 1.1779469202898523,
        "rmse": 1.63481596531209,
        "r2": 0.5149152585531078
      },
      "model_path": "D:\\13359376\\models\\length_regression.joblib"
    }
  }
}