{
  "weight_size_class": {
    "feature_count": 165,
    "target": "weight_size_class",
    "labels": [
      "large",
      "medium",
      "small"
    ],
    "val": {
      "accuracy": 0.45701357466063347,
      "balanced_accuracy": 0.2795262683386608,
      "macro_f1": 0.2785428621109372,
      "confusion_matrix": [
        [
          85,
          67,
          14
        ],
        [
          30,
          16,
          3
        ],
        [
          3,
          3,
          0
        ]
      ],
      "labels": [
        "large",
        "medium",
        "small"
      ],
      "report": {
        "large": {
          "precision": 0.7203389830508474,
          "recall": 0.5120481927710844,
          "f1-score": 0.5985915492957746,
          "support": 166.0
        },
        "medium": {
          "precision": 0.18604651162790697,
          "recall": 0.32653061224489793,
          "f1-score": 0.23703703703703705,
          "support": 49.0
        },
        "small": {
          "precision": 0.0,
          "recall": 0.0,
          "f1-score": 0.0,
          "support": 6.0
        },
        "accuracy": 0.45701357466063347,
        "macro avg": {
          "precision": 0.3021284982262515,
          "recall": 0.2795262683386608,
          "f1-score": 0.2785428621109372,
          "support": 221.0
        },
        "weighted avg": {
          "precision": 0.5823192319285435,
          "recall": 0.45701357466063347,
          "f1-score": 0.5021765248774362,
          "support": 221.0
        }
      }
    },
    "test": {
      "accuracy": 0.572463768115942,
      "balanced_accuracy": 0.5632859204287776,
      "macro_f1": 0.5522700119474313,
      "confusion_matrix": [
        [
          39,
          9,
          1
        ],
        [
          30,
          10,
          4
        ],
        [
          6,
          9,
          30
        ]
      ],
      "labels": [
        "large",
        "medium",
        "small"
      ],
      "report": {
        "large": {
          "precision": 0.52,
          "recall": 0.7959183673469388,
          "f1-score": 0.6290322580645161,
          "support": 49.0
        },
        "medium": {
          "precision": 0.35714285714285715,
          "recall": 0.22727272727272727,
          "f1-score": 0.2777777777777778,
          "support": 44.0
        },
        "small": {
          "precision": 0.8571428571428571,
          "recall": 0.6666666666666666,
          "f1-score": 0.75,
          "support": 45.0
        },
        "accuracy": 0.572463768115942,
        "macro avg": {
          "precision": 0.5780952380952381,
          "recall": 0.5632859204287776,
          "f1-score": 0.5522700119474313,
          "support": 138.0
        },
        "weighted avg": {
          "precision": 0.5780124223602484,
          "recall": 0.572463768115942,
          "f1-score": 0.5564840787491558,
          "support": 138.0
        }
      }
    },
    "model_path": "D:\\13359376\\models\\weight_size_classification.joblib"
  },
  "length_size_class": {
    "feature_count": 165,
    "target": "length_size_class",
    "labels": [
      "large",
      "medium",
      "small"
    ],
    "val": {
      "accuracy": 0.5113122171945701,
      "balanced_accuracy": 0.39290749686884957,
      "macro_f1": 0.3928753627788863,
      "confusion_matrix": [
        [
          82,
          30,
          3
        ],
        [
          47,
          28,
          6
        ],
        [
          12,
          10,
          3
        ]
      ],
      "labels": [
        "large",
        "medium",
        "small"
      ],
      "report": {
        "large": {
          "precision": 0.5815602836879432,
          "recall": 0.7130434782608696,
          "f1-score": 0.640625,
          "support": 115.0
        },
        "medium": {
          "precision": 0.4117647058823529,
          "recall": 0.345679012345679,
          "f1-score": 0.37583892617449666,
          "support": 81.0
        },
        "small": {
          "precision": 0.25,
          "recall": 0.12,
          "f1-score": 0.16216216216216217,
          "support": 25.0
        },
        "accuracy": 0.5113122171945701,
        "macro avg": {
          "precision": 0.41444166319009873,
          "recall": 0.39290749686884957,
          "f1-score": 0.3928753627788863,
          "support": 221.0
        },
        "weighted avg": {
          "precision": 0.4818206959302445,
          "recall": 0.5113122171945701,
          "f1-score": 0.48945195508682476,
          "support": 221.0
        }
      }
    },
    "test": {
      "accuracy": 0.5797101449275363,
      "balanced_accuracy": 0.5696969696969697,
      "macro_f1": 0.5682891339456996,
      "confusion_matrix": [
        [
          40,
          8,
          2
        ],
        [
          24,
          16,
          4
        ],
        [
          7,
          13,
          24
        ]
      ],
      "labels": [
        "large",
        "medium",
        "small"
      ],
      "report": {
        "large": {
          "precision": 0.5633802816901409,
          "recall": 0.8,
          "f1-score": 0.6611570247933884,
          "support": 50.0
        },
        "medium": {
          "precision": 0.43243243243243246,
          "recall": 0.36363636363636365,
          "f1-score": 0.3950617283950617,
          "support": 44.0
        },
        "small": {
          "precision": 0.8,
          "recall": 0.5454545454545454,
          "f1-score": 0.6486486486486487,
          "support": 44.0
        },
        "accuracy": 0.5797101449275363,
        "macro avg": {
          "precision": 0.5986042380408577,
          "recall": 0.5696969696969697,
          "f1-score": 0.5682891339456996,
          "support": 138.0
        },
        "weighted avg": {
          "precision": 0.5970727616777831,
          "recall": 0.5797101449275363,
          "f1-score": 0.5723268683303817,
          "support": 138.0
        }
      }
    },
    "model_path": "D:\\13359376\\models\\length_size_classification.joblib"
  }
}