model,avg_test_r2,weight_test_r2,length_test_r2
random_forest,0.5910367226128639,0.6010624152895301,0.5810110299361976
hist_gradient_boosting,0.5580826176877249,0.5999293182326131,0.5162359171428367
extra_trees,0.5225303116320026,0.5288900518803776,0.5161705713836275
ridge,0.35204208465450454,0.39218000568207245,0.3119041636269366
linear_regression,0.14478534956445716,0.16222564972708486,0.12734504940182945
