model,avg_test_balanced_accuracy,weight_size_test_balanced_accuracy,length_size_test_balanced_accuracy
hist_gradient_boosting,0.6004672576101148,0.6130557273414416,0.5878787878787879
random_forest,0.5819985569985568,0.5685425685425685,0.5954545454545453
logistic_regression,0.5811413454270596,0.6047069332783618,0.5575757575757575
extra_trees,0.5664914450628736,0.5632859204287776,0.5696969696969697
knn,0.4527317391603106,0.4430392358963788,0.4624242424242424
