{
  "benchmark_name": "yolo_multiseed_strengthening",
  "models": [
    "yolov8n.pt",
    "yolo11n.pt"
  ],
  "seeds": [
    0,
    1,
    2
  ],
  "epochs": 20,
  "imgsz": 640,
  "train_device": "0",
  "eval_device": "cuda",
  "batch": 16,
  "workers": 2,
  "best_run": {
    "variant": "yolo11n",
    "model_name": "yolo11n.pt",
    "seed": 2,
    "run_name": "yolo_multiseed_strengthening_yolo11n_seed2",
    "run_dir": "/workspace/reports/yolo_runs/yolo_multiseed_strengthening_yolo11n_seed2",
    "weights_path": "/workspace/reports/yolo_runs/yolo_multiseed_strengthening_yolo11n_seed2/weights/best.pt",
    "best_confidence_for_counting": 0.4,
    "test_detection_precision": 0.7527600367236259,
    "test_detection_recall": 0.8756613756613757,
    "test_detection_mAP50": 0.8451363157068024,
    "test_detection_mAP50_95": 0.6820622216161987,
    "test_count_mae": 6.066666666666666,
    "test_count_rmse": 14.269625861325945,
    "test_count_r2": 0.8610386537901582,
    "test_count_exact_match_rate": 0.35555555555555557,
    "val_count_mae": 3.423076923076923,
    "val_count_rmse": 10.898129691338362,
    "val_count_r2": 0.8342460966914974,
    "epoch_count": 20,
    "best_val_epoch": 20,
    "best_val_precision": 0.77197,
    "best_val_recall": 0.87335,
    "best_val_mAP50": 0.86737,
    "best_val_mAP50_95": 0.70318
  },
  "aggregate_ranking": [
    {
      "variant": "yolo11n",
      "model_name": "yolo11n.pt",
      "test_detection_precision_mean": 0.7672551633280732,
      "test_detection_precision_std": 0.013665433163459926,
      "test_detection_precision_min": 0.7527600367236259,
      "test_detection_precision_max": 0.7799029620034795,
      "test_detection_recall_mean": 0.8606168899131906,
      "test_detection_recall_std": 0.013408144906673728,
      "test_detection_recall_min": 0.8499282711505067,
      "test_detection_recall_max": 0.8756613756613757,
      "test_detection_mAP50_mean": 0.8479396309292593,
      "test_detection_mAP50_std": 0.0030041430751062315,
      "test_detection_mAP50_min": 0.8451363157068024,
      "test_detection_mAP50_max": 0.8511107357531404,
      "test_detection_mAP50_95_mean": 0.6823389404472492,
      "test_detection_mAP50_95_std": 0.0023085341026104008,
      "test_detection_mAP50_95_min": 0.6801812380780393,
      "test_detection_mAP50_95_max": 0.6847733616475098,
      "test_count_mae_mean": 7.992592592592593,
      "test_count_mae_std": 1.7053775995953646,
      "test_count_mae_min": 6.066666666666666,
      "test_count_mae_max": 9.311111111111112,
      "test_count_rmse_mean": 19.369232210310006,
      "test_count_rmse_std": 4.893798665110159,
      "test_count_rmse_min": 14.269625861325945,
      "test_count_rmse_max": 24.027299288748853,
      "test_count_r2_mean": 0.7330722847714258,
      "test_count_r2_std": 0.12751383941323355,
      "test_count_r2_min": 0.6060158448995439,
      "test_count_r2_max": 0.8610386537901582,
      "test_count_exact_match_rate_mean": 0.3259259259259259,
      "test_count_exact_match_rate_std": 0.03394500514782103,
      "test_count_exact_match_rate_min": 0.28888888888888886,
      "test_count_exact_match_rate_max": 0.35555555555555557
    },
    {
      "variant": "yolov8n",
      "model_name": "yolov8n.pt",
      "test_detection_precision_mean": 0.771204362921892,
      "test_detection_precision_std": 0.008322367657111512,
      "test_detection_precision_min": 0.7635646026593449,
      "test_detection_precision_max": 0.780072742906413,
      "test_detection_recall_mean": 0.8718836971855909,
      "test_detection_recall_std": 0.010691070329322204,
      "test_detection_recall_min": 0.8597883597883598,
      "test_detection_recall_max": 0.8800705467372134,
      "test_detection_mAP50_mean": 0.860041142502753,
      "test_detection_mAP50_std": 0.009563735239230072,
      "test_detection_mAP50_min": 0.8491467377256724,
      "test_detection_mAP50_max": 0.867053269854649,
      "test_detection_mAP50_95_mean": 0.6966410207514152,
      "test_detection_mAP50_95_std": 0.009688951750198977,
      "test_detection_mAP50_95_min": 0.6854533166541148,
      "test_detection_mAP50_95_max": 0.7022822414724084,
      "test_count_mae_mean": 10.08148148148148,
      "test_count_mae_std": 1.5460556477189367,
      "test_count_mae_min": 8.577777777777778,
      "test_count_mae_max": 11.666666666666666,
      "test_count_rmse_mean": 22.36073696855047,
      "test_count_rmse_std": 4.193453496086416,
      "test_count_rmse_min": 18.261069702146877,
      "test_count_rmse_max": 26.642071991494955,
      "test_count_r2_mean": 0.6507742486007312,
      "test_count_r2_std": 0.1289466404814826,
      "test_count_r2_min": 0.5155992186741726,
      "test_count_r2_max": 0.772426720372707,
      "test_count_exact_match_rate_mean": 0.3481481481481481,
      "test_count_exact_match_rate_std": 0.025660011963983348,
      "test_count_exact_match_rate_min": 0.3333333333333333,
      "test_count_exact_match_rate_max": 0.37777777777777777
    }
  ],
  "density_bins": {
    "labels": [
      "low",
      "medium",
      "high"
    ],
    "test_image_count": 45
  },
  "plots": {
    "multiseed_test_count_mae": "/workspace/reports/yolo_multiseed/yolo_multiseed_strengthening/plots/multiseed_test_count_mae.png",
    "multiseed_test_count_r2": "/workspace/reports/yolo_multiseed/yolo_multiseed_strengthening/plots/multiseed_test_count_r2.png",
    "multiseed_test_detection_map50": "/workspace/reports/yolo_multiseed/yolo_multiseed_strengthening/plots/multiseed_test_detection_map50.png",
    "multiseed_test_detection_map50_95": "/workspace/reports/yolo_multiseed/yolo_multiseed_strengthening/plots/multiseed_test_detection_map50_95.png",
    "density_mae_comparison": "/workspace/reports/yolo_multiseed/yolo_multiseed_strengthening/plots/density_mae_comparison.png",
    "density_r2_comparison": "/workspace/reports/yolo_multiseed/yolo_multiseed_strengthening/plots/density_r2_comparison.png",
    "qualitative_success_failure_montage": "/workspace/reports/yolo_multiseed/yolo_multiseed_strengthening/plots/qualitative_success_failure_montage.png"
  }
}