{
  "device": "cuda",
  "epochs": 10,
  "batch_size": 32,
  "model_path": "/workspace/models/resnet18_multitarget_gpu.pt",
  "val": {
    "weight": {
      "mae": 0.022784560918807983,
      "rmse": 0.026985354721546173,
      "r2": 0.16420596837997437
    },
    "length": {
      "mae": 0.891200065612793,
      "rmse": 1.1122217178344727,
      "r2": 0.12235265970230103
    },
    "avg_r2": 0.1432793140411377
  },
  "test": {
    "weight": {
      "mae": 0.031254906207323074,
      "rmse": 0.03801708668470383,
      "r2": 0.3834651708602905
    },
    "length": {
      "mae": 1.3685734272003174,
      "rmse": 1.844841480255127,
      "r2": 0.3822709918022156
    },
    "avg_r2": 0.38286808133125305
  }
}